{
    "data": [
        {
            "Title": "Star Wars",
            "Year": "1977",
            "imdbID": "tt0076759",
            "Type": "movie",
            "Poster": "https://m.media-amazon.com/images/M/MV5BNzg4MjQxNTQtZmI5My00YjMwLWJlMjUtMmJlY2U2ZWFlNzY1XkEyXkFqcGdeQXVyODk4OTc3MTY@._V1_SX300.jpg"
        },
        {
            "Title": "Star Wars: Episode V - The Empire Strikes Back",
            "Year": "1980",
            "imdbID": "tt0080684",
            "Type": "movie",
            "Poster": "https://m.media-amazon.com/images/M/MV5BYmU1NDRjNDgtMzhiMi00NjZmLTg5NGItZDNiZjU5NTU4OTE0XkEyXkFqcGdeQXVyNzkwMjQ5NzM@._V1_SX300.jpg"
        },
        {
            "Title": "Star Wars: Episode VI - Return of the Jedi",
            "Year": "1983",
            "imdbID": "tt0086190",
            "Type": "movie",
            "Poster": "https://m.media-amazon.com/images/M/MV5BOWZlMjFiYzgtMTUzNC00Y2IzLTk1NTMtZmNhMTczNTk0ODk1XkEyXkFqcGdeQXVyNTAyODkwOQ@@._V1_SX300.jpg"
        },
        {
            "Title": "Star Wars: Episode VII - The Force Awakens",
            "Year": "2015",
            "imdbID": "tt2488496",
            "Type": "movie",
            "Poster": "https://m.media-amazon.com/images/M/MV5BOTAzODEzNDAzMl5BMl5BanBnXkFtZTgwMDU1MTgzNzE@._V1_SX300.jpg"
        },
        {
            "Title": "Star Wars: Episode I - The Phantom Menace",
            "Year": "1999",
            "imdbID": "tt0120915",
            "Type": "movie",
            "Poster": "https://m.media-amazon.com/images/M/MV5BYTRhNjcwNWQtMGJmMi00NmQyLWE2YzItODVmMTdjNWI0ZDA2XkEyXkFqcGdeQXVyNTAyODkwOQ@@._V1_SX300.jpg"
        },
        {
            "Title": "Star Wars: Episode III - Revenge of the Sith",
            "Year": "2005",
            "imdbID": "tt0121766",
            "Type": "movie",
            "Poster": "https://m.media-amazon.com/images/M/MV5BNTc4MTc3NTQ5OF5BMl5BanBnXkFtZTcwOTg0NjI4NA@@._V1_SX300.jpg"
        },
        {
            "Title": "Star Wars: Episode II - Attack of the Clones",
            "Year": "2002",
            "imdbID": "tt0121765",
            "Type": "movie",
            "Poster": "https://m.media-amazon.com/images/M/MV5BMDAzM2M0Y2UtZjRmZi00MzVlLTg4MjEtOTE3NzU5ZDVlMTU5XkEyXkFqcGdeQXVyNDUyOTg3Njg@._V1_SX300.jpg"
        },
        {
            "Title": "Star Wars: Episode VIII - The Last Jedi",
            "Year": "2017",
            "imdbID": "tt2527336",
            "Type": "movie",
            "Poster": "https://m.media-amazon.com/images/M/MV5BMjQ1MzcxNjg4N15BMl5BanBnXkFtZTgwNzgwMjY4MzI@._V1_SX300.jpg"
        },
        {
            "Title": "Rogue One: A Star Wars Story",
            "Year": "2016",
            "imdbID": "tt3748528",
            "Type": "movie",
            "Poster": "https://m.media-amazon.com/images/M/MV5BMjEwMzMxODIzOV5BMl5BanBnXkFtZTgwNzg3OTAzMDI@._V1_SX300.jpg"
        },
        {
            "Title": "Star Wars: Episode IX - The Rise of Skywalker",
            "Year": "2019",
            "imdbID": "tt2527338",
            "Type": "movie",
            "Poster": "https://m.media-amazon.com/images/M/MV5BMDljNTQ5ODItZmQwMy00M2ExLTljOTQtZTVjNGE2NTg0NGIxXkEyXkFqcGdeQXVyODkzNTgxMDg@._V1_SX300.jpg"
        },
        {
            "Title": "After Dark in Central Park I",
            "Year": 1900,
            "imdbID": "ad2527339"
        },
        {
            "Title": "After Dark in Central Park II",
            "Year": 1900,
            "imdbID": "ad2527339"
        },
        {
            "Title": "After Dark in Central Park III",
            "Year": 1900,
            "imdbID": "ad2527339"
        },
        {
            "Title": "After Dark in Central Park IV",
            "Year": 1900,
            "imdbID": "ad2527339"
        },
        {
            "Title": "After Dark in Central Park V",
            "Year": 1900,
            "imdbID": "ad2527339"
        },
        {
            "Title": "Boarding School Girls' Pajama Parade",
            "Year": 1900,
            "imdbID": "ad2527340"
        },
        {
            "Title": "Buffalo Bill's Wild West Parad",
            "Year": 1900,
            "imdbID": "ad2527341"
        },
        {
            "Title": "Caught",
            "Year": 1900,
            "imdbID": "ad2527342"
        },
        {
            "Title": "Caught I",
            "Year": 1900,
            "imdbID": "ad2527342"
        },
        {
            "Title": "Caught II",
            "Year": 1900,
            "imdbID": "ad2527342"
        },
        {
            "Title": "Caught III",
            "Year": 1900,
            "imdbID": "ad2527342"
        },
        {
            "Title": "Caught IV",
            "Year": 1900,
            "imdbID": "ad2527342"
        },
        {
            "Title": "Caught V",
            "Year": 1900,
            "imdbID": "ad2527342"
        },
        {
            "Title": "Clowns Spinning Hats",
            "Year": 1900,
            "imdbID": "ad2527343"
        },
        {
            "Title": "Capture of Boer Battery by British",
            "Year": 1900,
            "imdbID": "ad2527344"
        },
        {
            "Title": "The Enchanted Drawing",
            "Year": 1900,
            "imdbID": "ad2527345"
        },
        {
            "Title": "Feeding Sea Lions",
            "Year": 1900,
            "imdbID": "ad2527346"
        },
        {
            "Title": "How to Make a Fat Wife Out of Two Lean Ones",
            "Year": 1900,
            "imdbID": "ad2527347"
        },
        {
            "Title": "New Life Rescue",
            "Year": 1900,
            "imdbID": "ad2527348"
        },
        {
            "Title": "New Morning Bath",
            "Year": 1900,
            "imdbID": "ad2527350"
        },
        {
            "Title": "Searching Ruins on Broadway, Galveston, for Dead Bodies",
            "Year": 1900,
            "imdbID": "ad2527351"
        },
        {
            "Title": "The Tribulations of an Amateur Photographer",
            "Year": 1900,
            "imdbID": "ad2527352"
        },
        {
            "Title": "Trouble in Hogan's Alley",
            "Year": 1900,
            "imdbID": "ad2527353"
        },
        {
            "Title": "Two Old Sparks",
            "Year": 1900,
            "imdbID": "ad2527354"
        },
        {
            "Title": "The Wonder, Ching Ling Foo",
            "Year": 1900,
            "imdbID": "ad2527355"
        },
        {
            "Title": "Watermelon Contest",
            "Year": 1900,
            "imdbID": "ad2527356"
        }
    ]
}